Horodateur,ParticipantID,Avez-vous dejà regarde la video ?,As-tu suivi le module developpement durable ?,Ce principe est-il un principe de la chimie verte : « Reduction du nombre de derives »  ? ,Completer : le principe 4 et 10 preconise...,Que connaissez-vous de la chimie verte ? ,Quel est votre niveau de fatigue actuel ?
2023/02/08 3:10:08 PM UTC+1,T0,Non,,Non,Aucune de ces reponses,Tous les principes avec une comprehension superficielle de ceux-ci,
2023/02/09 9:01:45 AM UTC+1,P01,Non,,Je ne sais pas,Je ne sais pas,Quelques principes sans reelle comprehension,Pas fatigue
2023/02/09 10:06:15 AM UTC+1,P02,Non,,Oui,Je ne sais pas,Plusieurs principes avec une comprehension superficielle de ceux-ci,Pas fatigue
2023/02/09 10:58:59 AM UTC+1,P03,Non,,Je ne sais pas,Je ne sais pas,Quelques principes sans reelle comprehension,Peu fatigue
2023/02/09 1:07:13 PM UTC+1,P04,Non,,Non,Je ne sais pas,Plusieurs principes avec une comprehension superficielle de ceux-ci,Moyennement fatigue
2023/02/09 2:10:13 PM UTC+1,P05,Non,,Je ne sais pas,Je ne sais pas,Quelques principes sans reelle comprehension,Moyennement fatigue
2023/02/09 3:07:01 PM UTC+1,P06,Non,,Je ne sais pas,Je ne sais pas,Plusieurs principes avec une comprehension superficielle de ceux-ci,Pas fatigue
2023/02/09 4:03:50 PM UTC+1,P07,Non,,Je ne sais pas,Je ne sais pas,Plusieurs principes avec une comprehension superficielle de ceux-ci,Pas fatigue
2023/02/09 5:04:19 PM UTC+1,P08,Oui,,Non,l’utilisation de reactifs plus surs et degradable,Quelques principes sans reelle comprehension,Moyennement fatigue
2023/02/10 1:35:27 PM UTC+1,P09,Non,Non,Je ne sais pas,Je ne sais pas,Quelques principes sans reelle comprehension,Peu fatigue
2023/02/10 2:14:21 PM UTC+1,P10,Non,Oui,Oui,Je ne sais pas,Plusieurs principes avec une comprehension superficielle de ceux-ci,Moyennement fatigue
2023/02/10 2:56:45 PM UTC+1,P11,Non,Oui,Je ne sais pas,Je ne sais pas,Plusieurs principes avec une comprehension superficielle de ceux-ci,Moyennement fatigue
2023/02/10 4:02:32 PM UTC+1,P12,Non,Non,Je ne sais pas,Je ne sais pas,Plusieurs principes avec une comprehension superficielle de ceux-ci,Moyennement fatigue
2023/02/14 4:02:36 PM UTC+1,P13,Non,Non,Je ne sais pas,Je ne sais pas,Aucune connaissance,Pas fatigue
2023/02/14 5:02:18 PM UTC+1,P14,Non,Non,Oui,Je ne sais pas,Quelques principes sans reelle comprehension,Peu fatigue
2023/02/14 6:06:37 PM UTC+1,P15,Oui,Oui,Je ne sais pas,Je ne sais pas,Plusieurs principes avec une comprehension superficielle de ceux-ci,Moyennement fatigue
2023/02/15 2:06:52 PM UTC+1,P17,Non,Non,Je ne sais pas,Je ne sais pas,Aucune connaissance,Très fatigue
2023/02/15 4:02:43 PM UTC+1,P18,Non,Non,Je ne sais pas,Je ne sais pas,Quelques principes sans reelle comprehension,Moyennement fatigue
2023/02/16 11:05:08 AM UTC+1,P19,Non,Oui,Oui,l’utilisation de reactifs plus surs et degradable,Plusieurs principes avec une comprehension superficielle de ceux-ci,Peu fatigue
2023/02/16 1:01:16 PM UTC+1,P20,Non,Non,Je ne sais pas,Je ne sais pas,Aucune connaissance,Très fatigue
2023/02/21 3:31:44 PM UTC+1,T2,Non,Non,Je ne sais pas,Je ne sais pas,Quelques principes sans reelle comprehension,Peu fatigue
2023/02/21 4:07:17 PM UTC+1,P21,Non,Non,Non,Je ne sais pas,Plusieurs principes avec une comprehension superficielle de ceux-ci,Peu fatigue
2023/02/23 11:01:33 AM UTC+1,P16,Non,Non,Oui,Je ne sais pas,Quelques principes sans reelle comprehension,Très fatigue
2023/02/24 1:59:37 PM UTC+1,P22,Non,Non,Je ne sais pas,Je ne sais pas,Quelques principes sans reelle comprehension,Peu fatigue
2023/02/24 3:06:56 PM UTC+1,P23,Non,Non,Je ne sais pas,Je ne sais pas,Aucune connaissance,Peu fatigue
2023/02/28 1:03:01 PM UTC+1,P24,Non,Non,Oui,Je ne sais pas,Quelques principes sans reelle comprehension,Peu fatigue
2023/02/28 1:33:34 PM UTC+1,P25,Non,Non,Je ne sais pas,Je ne sais pas,Quelques principes sans reelle comprehension,Peu fatigue