Part_id,Sc_id,Answer,enddistance,maxdistance,meandistance,mindistance,startdistance,stddevdistance
P24_01,seg1,1,702.55,753.2,706.0441260744992,695.7,723.3,8.479213733274696
P24_01,seg2,1,706.9000000000001,718.0999999999999,704.0804509132411,697.4000000000001,703.05,3.4378223440602005
P24_01,seg3,1,695.45,715.6,702.1267694063937,693.0,701.65,3.317886258759511
P24_01,seg4,0,704.75,724.6,708.6764806378133,693.4,696.5999999999999,6.504955316941712
P24_01,seg5,1,701.0999999999999,714.3,703.9067474048464,695.8,708.8,2.901932525141666
P24_01,seg6,1,700.0,710.5,700.5645459803351,693.85,706.5,2.87879396090196
P24_01,seg7,1,697.95,705.0999999999999,698.9393815635934,693.85,700.0999999999999,1.7168206922197118
P24_01,seg9,1,729.9,741.25,701.7645528930443,690.3,698.1500000000001,13.122646659150506
P24_01,seg10,1,721.6500000000001,741.25,713.9700887573957,691.75,694.05,16.773795350834927
P24_01,seg11,1,693.0999999999999,709.35,697.5293404735047,691.1,699.7,2.848752740441437
P24_01,seg12,1,694.25,711.5,700.4370423340955,692.2,706.3,3.570030360751037
P24_01,seg13,1,690.7,709.35,696.3155162738487,687.35,696.5,3.985213649919092
P24_01,seg15,1,712.5,737.9,716.813720930232,693.95,693.95,7.994530605126488
P24_02,seg1,1,569.95,574.3,566.5344517675258,558.85,566.9,3.538222604452891
P24_02,seg2,1,605.05,608.5999999999999,587.463600958658,558.85,561.7,17.195797637499407
P24_02,seg3,1,602.75,608.5,602.3134421364995,595.5999999999999,602.5999999999999,2.2963810260646107
P24_02,seg4,0,605.15,612.6,605.8484794275493,598.9000000000001,604.5,2.2674480759594013
P24_02,seg5,1,611.4000000000001,614.65,604.7091964285709,598.65,607.5999999999999,2.62903060365159
P24_02,seg6,0,608.3,614.65,607.1976291793319,600.0,606.3,2.452860408001889
P24_02,seg7,1,611.75,617.05,608.5238774271837,601.7,608.45,2.301255289983793
P24_02,seg9,1,612.25,622.3,611.5899258343632,606.05,610.95,2.2982355619623664
P24_02,seg10,1,614.3,622.3,612.0428267477201,606.05,612.35,2.1674783743835584
P24_02,seg11,1,626.2,630.75,624.2992656058755,615.75,624.6500000000001,2.711722315644228
P24_02,seg12,1,623.0,629.65,622.1637086903299,615.75,618.9,2.5243338598952065
P24_02,seg13,0,623.4,632.1,625.2622343655123,615.75,618.35,3.035295207601288
P24_02,seg15,1,633.4,641.7,633.598228228228,627.3499999999999,633.65,2.5311891342721777
P24_03,seg1,1,761.3,772.05,758.547775900902,719.1500000000001,720.1500000000001,12.056098888227035
P24_03,seg2,1,655.2,762.5,752.9274961597533,655.2,755.9,16.78514234567437
P24_03,seg4,1,702.7,721.45,684.9364232977847,474.3,482.7,44.38426064063051
P24_03,seg5,1,703.45,710.7,698.2212230215828,628.5,707.25,15.12284708741937
P24_03,seg6,1,692.3,707.0,690.5674355495257,628.5,630.0,11.424925283576716
P24_03,seg7,1,678.5,707.0,688.2767361111117,628.5,628.5,10.463514929551824
P24_03,seg9,1,393.9,700.5999999999999,660.9450852557677,393.9,696.75,72.35478599334203
P24_03,seg10,0,695.15,701.4000000000001,643.7017821782185,393.8,694.0,84.16585987839986
P24_03,seg11,1,686.4000000000001,701.25,684.554755309326,649.0,674.9,12.457186681164698
P24_03,seg12,0,688.55,700.9,668.5513676148795,604.6,680.5,21.087266413853907
P24_03,seg13,1,688.55,701.25,688.0439058171752,655.55,658.9,7.928965463771865
P24_03,seg15,1,713.4000000000001,725.7,702.9719690063803,633.95,640.8,23.14073011159284
P24_04,seg1,0,520.5,532.3,521.5088185890253,511.8,518.3,4.36370590114887
P24_04,seg2,0,519.3,530.0,520.6506979341144,513.3,519.3499999999999,2.624300558859519
P24_04,seg3,0,523.55,530.5,522.2481408450705,511.5,525.6,2.62712509833345
P24_04,seg4,0,534.6,545.5,525.8264161525516,511.1,523.05,8.143937166365252
P24_04,seg5,1,520.3,545.5,532.8490728900258,518.3499999999999,535.7,5.16948890923034
P24_04,seg6,1,526.35,540.2,524.4125712250705,510.7,532.6,5.220984757438379
P24_04,seg7,1,522.2,537.05,523.0802098408102,510.7,521.55,3.29375863370527
P24_04,seg9,1,526.25,539.25,525.8757295719843,481.75,520.5999999999999,5.7478523107161
P24_04,seg10,1,519.25,539.25,526.5038348082594,481.75,481.75,4.891791079935804
P24_04,seg11,1,505.7,516.3,507.0857505070991,499.0,506.3,3.3403375759713883
P24_04,seg12,0,513.0,516.4000000000001,504.6331282952544,481.1,481.1,5.153984174655162
P24_04,seg13,0,502.3,516.3,507.0808894230772,476.6,511.7,4.196249420129951
P24_04,seg15,1,517.4,581.8,519.7934116445347,495.55,499.2,7.033730811303251
P24_05,seg1,1,486.0,513.95,467.6473223480946,444.1,463.5,11.561314716650008
P24_05,seg2,0,469.0,501.4,474.4880371093751,450.35,475.5,9.373092817651935
P24_05,seg3,0,467.35,528.6,481.7506529850745,459.85,471.0,8.254436617472987
P24_05,seg4,1,501.6,522.0999999999999,488.01503856041165,440.7,488.3,18.89780334674193
P24_05,seg5,1,513.0,516.8,487.7692052980132,464.55,502.4,15.056763754714412
P24_05,seg6,1,504.05,519.4,477.7633064516128,450.4500000000001,493.95,18.4238647707355
P24_05,seg7,0,498.75,519.4,479.533931133429,450.4500000000001,471.4,18.86127974461028
P24_05,seg9,1,499.0,515.3,491.5685819070904,468.7,473.35,8.783650807807385
P24_05,seg10,1,488.15,517.7,491.1330298013244,473.4,493.3,8.666490005419481
P24_05,seg11,1,517.1,561.05,514.6123076923075,477.5,558.7,20.695588065687183
P24_05,seg12,0,479.15,529.5,485.4855608591883,454.95,464.4,18.211652081809056
P24_05,seg13,0,487.6,561.05,512.499781341108,472.8,558.7,20.23487242351467
P24_05,seg15,1,505.0,548.3,488.3006276150626,443.1,507.1,30.13314948223104
P24_06,seg1,0,722.1,729.05,720.1979848130832,712.0,714.1,3.264975885394318
P24_06,seg2,1,740.65,747.25,730.9573233773694,718.25,719.0,7.056213090348211
P24_06,seg3,1,740.05,748.4000000000001,739.2332857957795,729.95,737.45,2.8188957237708
P24_06,seg4,1,731.45,745.25,734.7554687500008,722.95,737.0999999999999,3.916276526061076
P24_06,seg5,1,723.7,736.5,721.6914583333338,707.3,709.3,5.158095564461991
P24_06,seg6,0,724.25,731.3,722.4737361282369,707.15,717.2,3.3719925932309254
P24_06,seg7,0,734.4,734.9,723.0878947368424,707.15,717.95,3.475885008616094
P24_06,seg9,1,738.5999999999999,750.6,714.0670934699092,676.0,695.35,14.732583124340794
P24_06,seg10,1,744.0,751.3,732.8266692851533,683.8,711.7,16.551586194811772
P24_06,seg11,1,740.25,748.3,735.7629526462388,691.55,741.9,10.51313158376559
P24_06,seg12,1,757.2,775.9,731.2614379084971,699.1,722.6,16.03400727223435
P24_06,seg13,0,744.75,751.0999999999999,739.2422939068098,701.9,712.2,8.364180983366508
P24_06,seg15,1,744.9000000000001,748.35,737.1543697978595,727.8,736.3,4.132887813473063
P24_07,seg1,1,743.25,757.45,746.7474067599062,738.1,738.9,3.5527434445164814
P24_07,seg2,1,751.1,760.2,747.9284111045486,737.8,744.5999999999999,5.775923596785621
P24_07,seg3,1,760.3,761.8499999999999,749.908838973162,743.5,749.8,3.1714662606734403
P24_07,seg4,1,742.6500000000001,769.6,747.8837019790458,740.25,767.1,5.53961319058894
P24_07,seg5,1,756.4,757.2,744.4288526434184,734.6,745.9,2.970103789749889
P24_07,seg6,1,757.8,770.9,750.8001197604799,739.2,744.2,6.898474791531786
P24_07,seg7,0,735.4,770.9,750.2100122473987,722.85,744.2,9.962189049682538
P24_07,seg9,0,737.7,753.55,737.9655428571422,722.85,750.55,5.625882167495311
P24_07,seg10,1,748.0,753.55,738.3548599199548,728.75,733.35,5.275948388867272
P24_07,seg11,0,750.8499999999999,766.35,754.5386961722483,720.3,752.5,7.40554430072356
P24_07,seg12,0,757.9,766.35,740.8923076923056,720.3,736.3,13.636808541880102
P24_07,seg13,0,752.2,763.5,754.9593599033814,747.8,759.55,2.680686199915138
P24_07,seg15,1,746.45,756.7,749.3240696987599,742.3,749.4000000000001,2.297003992223982
P24_08,seg1,1,600.55,610.35,585.3466351501661,546.6500000000001,549.7,23.4540970259471
P24_08,seg2,0,599.1500000000001,606.75,599.1058492688419,592.6500000000001,598.7,2.3577210851986594
P24_08,seg3,1,602.75,604.75,598.1384315906571,590.55,596.9,2.4732530669011243
P24_08,seg4,0,598.2,607.15,599.779024116658,593.15,602.0,2.356999450494481
P24_08,seg5,1,597.65,607.15,599.3902885682579,590.0,596.25,2.764397980849832
P24_08,seg6,1,575.15,616.95,590.9053262688236,567.8,592.3,12.480177958335604
P24_08,seg7,0,573.85,616.95,581.970765334835,567.05,601.2,13.238571983135902
P24_08,seg9,1,568.7,574.25,568.7411666666671,562.05,569.45,2.3217402510225926
P24_08,seg10,0,567.3,593.6,570.9426685393265,562.05,569.65,5.627694499197722
P24_08,seg11,0,558.3,574.5,560.564658071749,555.8,568.95,2.979154459971461
P24_08,seg12,0,559.9000000000001,600.75,565.591558441558,556.75,567.4,8.255152005386377
P24_08,seg13,0,559.1500000000001,566.25,559.6444568868986,555.8,561.15,1.9378545304158912
P24_08,seg15,0,569.5,596.35,570.9683146067418,558.35,563.0,7.753594714523618
P24_09,seg1,1,654.35,663.0,633.2449339207045,503.8,556.2,40.41740388492433
P24_09,seg2,0,647.2,657.9,651.1247524752472,615.45,629.2,3.838549916883137
P24_09,seg3,1,655.85,665.1500000000001,655.1704361054763,541.9,545.0,7.918405963802832
P24_09,seg4,0,685.7,685.7,664.8920628183356,651.2,656.5,5.645946003675941
P24_09,seg5,1,664.6,686.55,662.6991638795987,631.7,631.7,5.589560828410903
P24_09,seg6,0,662.0,686.55,664.100469043152,656.8,660.9,3.4959251618904066
P24_09,seg7,0,657.4,678.2,630.1742903930126,444.3,661.0,64.34221860586034
P24_09,seg9,1,658.9,661.3499999999999,643.1726549413739,547.8,658.1,30.091949332925463
P24_09,seg10,1,652.35,658.9,643.2509440813358,547.8,653.6,27.74022309401516
P24_09,seg11,0,661.2,676.2,662.2091293833125,652.4000000000001,660.35,5.3006342501802575
P24_09,seg12,0,658.7,659.0999999999999,649.8663969035887,639.2,651.45,3.576485011393564
P24_09,seg13,0,662.75,676.2,662.2527695351139,652.4000000000001,658.3,4.773109728520463
P24_09,seg15,1,656.95,663.7,655.8103665865385,645.05,662.0999999999999,3.877881732678444
P24_10,seg1,1,684.0,705.9,689.3378363832079,642.4,697.5,11.24635369793528
P24_10,seg2,1,695.7,699.55,689.2216994382027,662.5,679.45,6.793811747878183
P24_10,seg3,0,700.75,703.2,697.8187743190665,671.3,695.5,3.748934002366096
P24_10,seg4,0,693.05,700.95,694.5247709049279,687.7,700.95,2.139618925227849
P24_10,seg5,1,689.2,711.2,691.588341750842,665.1,690.7,8.877049392970095
P24_10,seg6,1,698.95,706.95,688.9624471086031,665.1,683.05,9.768547955152044
P24_10,seg7,0,687.85,707.4,690.6486938349002,600.8499999999999,697.35,12.05796737709319
P24_10,seg9,1,688.6,704.2,690.7358363858352,682.95,690.35,4.85127157783407
P24_10,seg10,1,697.9,698.2,678.8685567010314,608.0,661.8,10.338002012928312
P24_10,seg11,1,674.3,712.15,678.6456262425442,566.1,686.6,17.866638238508617
P24_10,seg12,1,681.65,690.6,673.1509606147928,607.8,621.9,15.137912766378491
P24_10,seg13,1,679.05,688.8499999999999,672.0737614678901,566.1,622.7,11.396200596787654
P24_10,seg15,1,708.3,721.6,681.377713625866,668.9,674.55,13.347474262096563
P24_11,seg1,0,491.35,499.9,490.3918367346944,472.7000000000001,491.85,2.8075603352893803
P24_11,seg2,0,489.05,495.4500000000001,489.17672511312094,470.2,493.1,3.036796570674596
P24_11,seg3,0,484.15,495.0,487.0398702031607,479.5,484.2000000000001,2.740664114984049
P24_11,seg4,0,483.7,489.35,483.6939402480272,476.5,486.15,1.78970742167488
P24_11,seg5,1,491.15,504.55,492.46004016064273,475.9,484.4,6.814615434716063
P24_11,seg6,0,485.9,501.25,492.2335057471258,485.9,494.4500000000001,2.6398025627705044
P24_11,seg7,0,488.55,496.15,490.59789746543777,484.8,492.5,1.9671458318524764
P24_11,seg9,1,484.65,494.6,485.5111490329924,470.9,490.05,3.969645173013836
P24_11,seg10,0,487.75,489.1,483.75183098591606,476.9,488.0,2.254773409486225
P24_11,seg11,0,492.55,500.6,488.0535919540237,476.9,481.0,4.49821797507485
P24_11,seg12,0,485.9,493.6,482.42481669486745,475.1,483.8,2.7089104564104325
P24_11,seg13,0,486.15,500.6,489.43773857721226,476.9,484.75,3.816341420657484
P24_11,seg15,0,488.4,493.2,486.8172374429236,475.85,484.0,2.685439877975355
P24_12,seg1,0,631.5,649.8,636.3975555555556,620.6,638.0,3.8371360142191
P24_12,seg2,0,634.3,638.0,625.3074380165282,604.8,634.9000000000001,7.813822269242238
P24_12,seg3,1,607.4,637.0,615.2920454545456,591.3,635.2,10.699189139625696
P24_12,seg4,0,630.0999999999999,636.65,625.3165217391306,582.9,596.3,8.840560532494973
P24_12,seg5,1,633.15,636.65,631.1842400448671,625.85,633.2,1.6965398775929466
P24_12,seg6,0,623.3,636.75,631.9600085178873,615.7,629.65,2.8175138684493386
P24_12,seg7,0,625.95,636.75,628.8891363022941,602.8,631.8,6.908527833090468
P24_12,seg9,1,631.4,641.05,629.1049455155069,597.45,618.35,6.238807819173405
P24_12,seg10,0,625.8,641.05,629.5989406779667,597.45,628.0999999999999,5.688125897918806
P24_12,seg11,0,643.75,649.5,642.2977540707461,634.5999999999999,644.1,2.3805468657294435
P24_12,seg12,1,640.95,647.65,641.5902692091981,633.4,639.3,2.8784415472922507
P24_12,seg13,1,644.9,649.5,642.4397816349377,634.5999999999999,646.15,2.3658963532942185
P24_12,seg15,0,642.45,650.0999999999999,642.8016147308782,637.0999999999999,642.4000000000001,2.3878967654810124
P24_13,seg1,1,668.4,671.6500000000001,663.8392937219743,654.9,659.05,2.885488914549791
P24_13,seg2,1,671.0,678.8,666.338208871421,658.5,659.8,3.491927077045624
P24_13,seg3,1,661.0999999999999,675.0,662.8645008365859,650.3499999999999,662.65,3.144920700994004
P24_13,seg4,1,671.5,678.1,669.320378619155,658.8,666.4000000000001,2.2914074864205034
P24_13,seg5,1,665.55,673.55,666.5091391839006,656.3,669.3499999999999,3.452482091469055
P24_13,seg6,0,658.4000000000001,694.8,665.5476257772748,649.75,662.0,6.866683988497445
P24_13,seg7,1,674.9,694.8,664.5748579545455,649.75,663.55,7.3365740194260765
P24_13,seg9,1,667.9000000000001,677.75,666.8905322128845,652.7,662.8499999999999,3.669469007847088
P24_13,seg10,0,658.35,672.0999999999999,663.9675570395095,656.2,671.55,2.9899100528927978
P24_13,seg11,0,674.75,678.8,665.8795735129071,652.15,667.35,4.936348440023187
P24_13,seg12,0,664.35,695.3,663.9641259564445,652.15,668.25,5.736954832669331
P24_13,seg13,1,665.9,680.3,667.081593714926,652.15,655.25,4.7829765665873945
P24_13,seg15,0,662.1,675.5,665.9491840180071,656.3,664.4000000000001,3.712093800147803
P24_14,seg1,1,638.5,646.3499999999999,638.2457078795633,623.9,623.9,3.084166163627903
P24_14,seg2,0,652.4000000000001,671.25,647.401919385798,633.55,634.15,7.821352763664133
P24_14,seg3,1,652.9,660.4,650.3682308180096,644.05,650.85,2.800463767337734
P24_14,seg4,0,653.75,657.6500000000001,652.5464489537096,641.6,649.95,2.660614709197845
P24_14,seg5,1,654.7,657.15,651.8745587340236,644.9,655.8499999999999,2.208374129128372
P24_14,seg6,0,650.45,656.45,650.9489123867061,644.9,654.2,2.3529359881618173
P24_14,seg7,0,662.25,667.65,652.5272335181754,646.1,651.55,4.036623437770476
P24_14,seg9,1,676.6500000000001,680.8,666.4143724696359,649.9,653.1,8.515249809347672
P24_14,seg10,0,671.6,680.8,670.6626421404678,654.6,661.6,5.854512102375179
P24_14,seg11,0,676.4000000000001,684.8,673.2839076723018,665.25,682.4,3.749853106200336
P24_14,seg12,0,672.9000000000001,684.8,671.9622851686823,664.0,670.3,4.715455202661626
P24_14,seg13,0,669.0999999999999,679.2,671.8841097638808,665.25,678.25,2.3777893256855096
P24_14,seg15,1,678.15,681.6500000000001,673.7777598450615,666.4000000000001,670.4000000000001,2.8590597113814167
P24_16,seg1,1,800.65,809.3,802.0261825264342,795.2,809.3,2.466430589100906
P24_16,seg2,1,803.4000000000001,812.45,802.7484924623127,795.2,800.8,3.01092340275099
P24_16,seg3,0,802.65,807.2,799.4662731871842,789.3,802.55,3.7881832870111314
P24_16,seg4,1,802.45,804.8,797.9575423728794,788.75,804.75,3.511167020179529
P24_16,seg5,1,796.7,805.0,798.4371508379888,791.0,799.2,2.2906222983826634
P24_16,seg6,0,808.95,808.95,797.4046910112376,790.2,797.2,2.7023763125652933
P24_16,seg7,1,797.5,813.1,799.5230123180274,790.2,796.9,4.956119166784273
P24_16,seg9,1,800.3,808.4,800.0002228412251,790.7,802.4,3.0752427744809827
P24_16,seg10,1,795.9,806.25,799.872661469932,790.7,803.7,3.059358233553401
P24_16,seg11,1,812.2,812.65,799.2813829787226,789.1,792.7,4.336539009313248
P24_16,seg12,1,792.2,804.3,795.2462994350285,786.2,797.35,3.4700322687932768
P24_16,seg13,0,804.45,812.65,800.7652089136495,789.1,796.45,5.135463991756035
P24_16,seg15,1,805.3,815.9000000000001,805.7795315114317,800.9,808.15,2.08778251489544
P24_17,seg1,1,703.8,709.0,700.8477459016391,679.1500000000001,706.1,6.088283333953631
P24_17,seg2,1,707.5999999999999,724.55,709.6244608399553,694.55,699.9,6.995301212640311
P24_17,seg3,1,713.4,716.3,707.6490757855813,694.55,702.2,4.094225426895805
P24_17,seg4,1,719.8,727.6,715.9418272037351,701.1500000000001,706.45,6.255523054102226
P24_17,seg5,1,701.5,726.9,714.4816700610995,698.85,722.9000000000001,5.880031955808144
P24_17,seg6,1,706.15,718.35,706.777490234374,698.85,715.5999999999999,4.38477422617941
P24_17,seg7,1,691.25,711.25,704.2855837563443,690.35,707.5,3.624282279570994
P24_17,seg9,1,708.2,711.4,698.0192640692641,672.4,695.8,8.263476934512413
P24_17,seg10,1,710.85,715.8,705.2821459227459,672.4,682.4,9.02362823508817
P24_17,seg11,1,726.6,732.5,720.1507720254307,701.55,717.95,6.493358624134102
P24_17,seg12,1,716.15,731.3,718.6706140350879,703.3499999999999,720.2,5.087487905004652
P24_17,seg13,1,729.15,732.5,722.2878191489364,701.55,706.0,6.62340125015937
P24_17,seg15,1,744.7,751.1,735.2742907801421,657.3499999999999,715.1,13.29922916865212
P24_18,seg1,1,707.3,728.5,701.1121402877696,669.8,671.05,15.783880625000382
P24_18,seg2,0,706.95,706.95,695.577631578947,681.9000000000001,703.75,6.2088328891479785
P24_18,seg3,0,723.3,732.05,714.9568613138688,690.5,715.8,8.553145923736265
P24_18,seg4,1,706.8499999999999,735.1,668.0449162679429,427.55,678.6,81.39682529887448
P24_18,seg5,1,710.8,737.8,720.8735408560316,702.3499999999999,720.6,6.305774938447369
P24_18,seg6,1,711.15,738.0,720.6326612903222,697.55,734.8,9.779541005512352
P24_18,seg7,0,720.9,747.4,730.9522020725386,697.55,701.8,11.07030609136274
P24_18,seg9,1,732.65,752.1500000000001,733.79861878453,660.6,731.3,16.376778285305775
P24_18,seg10,0,759.05,765.85,742.4517595307906,660.6,661.5,14.296984833583428
P24_18,seg11,0,744.7,785.1,766.0912482065996,739.5999999999999,742.0,10.01976470733302
P24_18,seg12,0,780.8,795.3,774.4691431175942,752.1,763.75,8.82833614876515
P24_18,seg13,0,755.5,785.1,764.233768115942,742.6,768.0,10.707674851707829
P24_18,seg15,1,771.7,792.8,778.9821365248245,737.55,764.7,11.635806558967328
P24_19,seg1,1,788.0,789.1,779.9859561128517,770.8499999999999,781.3,3.860296844747277
P24_19,seg2,0,779.4,789.0,781.8845055710304,773.4,779.25,3.484363553375907
P24_19,seg3,0,780.0,782.55,775.9586885245901,747.7,779.65,6.637661114823319
P24_19,seg4,0,779.8,785.2,778.6750419463092,767.0,773.5,3.594942921356449
P24_19,seg5,1,773.8,785.05,774.8644317252662,764.3499999999999,779.8499999999999,3.8322003119369135
P24_19,seg6,0,774.3,783.05,773.0110169491533,763.1,781.95,3.4091709907540246
P24_19,seg7,0,773.5,780.5,773.2588438735173,763.1,771.1500000000001,2.6128455308122
P24_19,seg9,1,615.0,772.6,736.3993346007609,614.9,766.8,51.08404311975671
P24_19,seg10,1,513.8,772.6,680.7363636363638,505.95,708.25,104.03766948244728
P24_19,seg11,0,778.0,793.5,777.1934385382061,765.8,769.0,5.3340290769162095
P24_19,seg12,0,772.0,777.4,613.6656398104271,505.95,591.7,99.07943163945102
P24_19,seg13,0,782.4,793.5,778.2448113207544,765.8,765.8,5.267623804937499
P24_19,seg15,1,780.2,789.1,773.3574950690324,743.0,769.7,9.115769779601935
P24_20,seg1,0,569.3,577.7,565.5687972109248,555.6,568.0,3.72218321861276
P24_20,seg2,1,562.3,575.25,564.6694315545244,552.05,562.8,4.215328965070573
P24_20,seg3,0,559.1,573.25,558.2088888888901,541.5,560.85,6.001921551215541
P24_20,seg4,0,546.4000000000001,560.15,547.2615523465696,531.15,550.2,4.57130036124764
P24_20,seg5,1,533.65,553.3499999999999,538.7291819291821,475.6,544.75,8.234710775423805
P24_20,seg6,0,534.75,553.3499999999999,537.2021649484535,524.7,545.7,4.6343968950394485
P24_20,seg7,1,530.2,553.3499999999999,536.878801546392,521.7,533.8,3.670775867307263
P24_20,seg9,1,534.5,545.4,531.3705483870963,520.2,539.1500000000001,3.8882495869977567
P24_20,seg10,1,535.05,545.15,531.7318126888202,514.3,530.2,4.503610506569285
P24_20,seg11,0,550.8,565.6500000000001,542.0167796610175,527.95,528.3,9.85641565589011
P24_20,seg12,0,534.65,565.4000000000001,542.5512208067936,527.6,547.45,7.402012471277245
P24_20,seg13,1,535.05,565.6500000000001,542.1309271054488,527.95,529.3,9.77963385327757
P24_20,seg15,1,515.65,568.3499999999999,526.9227931488799,477.15,506.2,14.223324830463582
P24_21,seg1,1,731.5,737.7,721.651941139637,702.75,717.4,5.218417895048298
P24_21,seg2,1,737.3,754.1,736.1712311557776,720.2,720.3,8.028141201709076
P24_21,seg3,1,705.8,767.1,737.3016736401678,695.3,740.75,14.1731456073724
P24_21,seg4,1,756.05,784.1,749.2121951219534,729.85,732.3,10.554949188932753
P24_21,seg5,1,733.9000000000001,786.0,747.2056377079506,721.75,740.3,12.72127711511559
P24_21,seg6,0,749.9,777.75,748.3546764894314,726.2,761.4,11.752620980500463
P24_21,seg7,1,749.2,775.0,748.5528089887644,726.9,728.0999999999999,9.764569260427876
P24_21,seg9,1,755.9,760.5999999999999,747.3735917625685,731.45,750.8499999999999,6.376132037378905
P24_21,seg10,0,747.5,780.8,749.9490723562146,731.45,759.2,9.364320604110494
P24_21,seg11,1,751.25,752.9000000000001,739.487059577194,723.3,750.3,7.641314769885734
P24_21,seg12,1,737.9000000000001,755.3,741.0993657505297,723.3,735.4000000000001,6.647237908472233
P24_21,seg13,0,746.4,752.9000000000001,741.6592017062761,723.3,727.15,7.453358469314012
P24_21,seg15,1,736.55,771.25,743.3832129963903,725.85,752.2,8.835855530258218
P24_22,seg1,1,640.9000000000001,646.7,636.4547506738552,618.2,626.1,5.435618649829279
P24_22,seg2,0,636.3,658.4000000000001,639.9149926144752,631.6,642.9,3.2353953677192364
P24_22,seg3,1,628.95,640.3,628.5110958904113,618.2,624.5,4.426799870834072
P24_22,seg4,1,636.2,646.9,635.4358620689657,621.3,632.3,4.851826930815252
P24_22,seg5,1,629.5,668.5,643.8572353389194,623.05,629.4,8.424773204964731
P24_22,seg6,0,644.1,654.3,638.2981343283575,623.05,651.5,6.96280629791146
P24_22,seg7,1,643.4,654.3,638.3161413043484,622.3,644.7,6.839390789995134
P24_22,seg9,1,644.7,654.75,643.3635201573246,624.2,625.0,5.937925832043311
P24_22,seg10,0,636.2,654.75,644.5318311874106,631.3,638.6500000000001,5.242167591159333
P24_22,seg11,0,630.15,651.0,637.5184003925415,627.0999999999999,636.7,4.788261011000688
P24_22,seg12,0,639.95,649.55,638.17118847539,626.0999999999999,640.5,4.723932587435625
P24_22,seg13,0,626.55,651.0,636.7129756097562,619.0,639.95,5.402709952283772
P24_22,seg15,1,637.3,643.85,633.9831174838102,624.4,626.2,4.198731002523873
P24_23,seg1,1,696.8,738.55,693.6406542056079,683.9000000000001,700.05,6.463921869250508
P24_23,seg2,1,703.3,718.1,702.997315140844,694.45,704.9,3.839656775132252
P24_23,seg3,1,712.15,718.5999999999999,707.9105911330051,695.7,704.05,2.6408027422871307
P24_23,seg4,0,708.3499999999999,721.6500000000001,708.6562455892733,698.5,702.5,4.584623898415859
P24_23,seg5,1,714.7,718.5999999999999,708.9546025104602,696.25,718.1,5.703075758931413
P24_23,seg6,1,716.15,719.95,712.3856250000014,696.25,706.45,4.235624217252193
P24_23,seg7,0,716.3499999999999,723.5,714.4534615384624,700.5,702.35,4.096582443284161
P24_23,seg9,1,721.3,739.65,720.1207304526752,710.65,721.2,5.803264447761043
P24_23,seg10,1,724.95,737.75,721.5645776566747,710.65,711.8,5.5839245505829815
P24_23,seg11,1,726.85,741.7,733.301315789473,713.0,736.0,4.193846384299279
P24_23,seg12,1,736.0,748.2,738.1932075471685,722.5,728.5,4.995986689082333
P24_23,seg13,1,737.65,741.7,732.0583873581844,713.0,731.8499999999999,4.846509491425838
P24_23,seg15,1,731.8,736.7,730.1821823204415,725.15,732.55,2.634520764089344
P24_24,seg1,1,521.9000000000001,574.5,540.5283333333332,463.2,463.2,17.173960767355382
P24_24,seg2,1,524.2,528.35,517.2745762711868,443.0,494.7,12.223772557247848
P24_24,seg3,0,538.1,582.4,567.2306896551715,520.75,581.3,12.30080201396244
P24_24,seg4,1,512.9,541.7,529.3817174515236,512.9,519.0,6.469144571472431
P24_24,seg5,1,596.0,599.75,556.5721518987347,437.0,512.2,42.1629509529584
P24_24,seg6,1,543.5999999999999,571.3,554.6587260034903,525.7,570.9,10.149679055306796
P24_24,seg7,1,538.25,549.6,541.4554455445544,488.1,521.8,8.225083285262526
P24_24,seg9,0,535.1500000000001,535.1500000000001,518.7378419452889,474.7,474.7,7.407481461947031
P24_24,seg10,1,569.8,570.5,522.1102661596962,464.8,529.7,25.68285340629412
P24_24,seg11,1,639.2,718.65,627.0683486238535,471.3,520.0,66.441183015394
P24_24,seg12,0,596.4,628.5,586.932649253731,514.6,518.8,35.352414255832656
P24_24,seg13,0,639.2,718.65,635.456690997567,528.5,528.7,58.67002026837978
P24_24,seg15,1,516.75,657.3,554.4391129032258,474.8,497.5,40.887086850626346
P24_25,seg1,1,459.2,470.85,449.7232394366196,386.9,432.5,15.281125649890916
P24_25,seg2,0,436.2,567.0,503.9876543209876,436.0,505.1,47.025284110561344
P24_25,seg3,0,439.1,470.65,445.90402684563776,436.85,470.65,5.387888434540772
P24_25,seg4,0,475.9,490.05,474.5290853031863,445.65,486.3,6.553737340911854
P24_25,seg5,1,486.5,487.6,481.8517429193898,459.75,459.75,2.944695328901357
P24_25,seg9,1,449.95,514.2,450.7279179810727,439.6,511.5,9.965253784688658
P24_25,seg10,0,450.35,514.2,451.23466407010665,439.6,514.2,5.374628230409182
P24_25,seg11,0,487.7,487.7,457.8642592592591,450.25,469.35,4.869651617049769
P24_25,seg12,0,466.9,545.85,464.8725786163524,437.3,437.3,13.6477190689759
P24_25,seg13,1,487.7,487.7,459.2894329896906,451.2,451.2,4.346844390304009
P24_25,seg15,1,464.4,466.25,444.9726050420171,370.2,429.9,18.705042778812707
P24_26,seg1,1,791.65,808.5,795.3918009205979,785.3,790.9,4.56227431839808
P24_26,seg2,0,789.75,800.4,792.8070561017931,777.55,795.05,3.445811829467208
P24_26,seg3,1,799.1,803.75,795.7234830805143,778.6,778.6,3.959565207104284
P24_26,seg4,0,791.5,801.4,792.9675925925917,773.1,798.5,3.668241942559378
P24_26,seg5,1,788.6,799.9,792.2323716099256,779.3,789.8,3.8549662004823073
P24_26,seg6,1,797.7,799.9,791.2191294387165,779.1,793.6,3.757770636773109
P24_26,seg7,0,791.55,803.85,792.6291932675557,779.1,797.9,3.7453774512597975
P24_26,seg9,0,790.55,803.85,792.520969592656,779.9,800.5,3.937941822669612
P24_26,seg10,1,794.45,798.25,791.8356773823192,783.4,790.6,2.7980746591563697
P24_26,seg11,1,781.8,792.1,783.9820667818075,773.35,773.8,3.0654782029969048
P24_26,seg12,1,781.3499999999999,799.5,784.5044890726534,769.0999999999999,789.9,6.945633860067304
P24_26,seg13,0,778.6,790.9,783.9502285714287,773.35,787.0,2.868999932199609
P24_26,seg15,1,781.4000000000001,789.15,778.8251287922147,759.45,778.65,4.551733104341969
P24_27,seg1,1,708.05,719.05,711.6379562043803,703.7,707.95,3.2495270064394366
P24_27,seg2,1,698.5999999999999,719.0,704.9171402660227,688.9,709.0,7.048178836289778
P24_27,seg3,0,685.9,702.9,691.7258511252174,682.8499999999999,693.0999999999999,4.059041874737433
P24_27,seg4,1,731.0,751.3,728.7363242574257,685.45,688.05,17.756650744878574
P24_27,seg5,1,714.7,732.3,719.8882230172921,702.55,731.45,7.661127387974192
P24_27,seg6,1,721.4,727.75,714.5169077757686,689.5,721.0999999999999,6.537094360344615
P24_27,seg7,0,714.15,727.75,715.8025184275185,689.5,710.75,6.556481456778755
P24_27,seg9,1,704.5,720.1500000000001,708.0197575757585,696.2,718.55,5.085193008521676
P24_27,seg10,0,699.95,711.05,704.7441543026702,696.2,710.25,2.404790340030073
P24_27,seg11,1,712.1,734.5,713.4555659787371,694.85,700.1,7.375206896094069
P24_27,seg12,1,720.3,734.5,700.7766441303008,682.95,694.5999999999999,13.635041803822055
P24_27,seg13,1,711.95,723.05,712.3684563758388,704.2,722.05,3.893713366675312
P24_27,seg15,1,684.0,704.95,686.1072855464155,670.6,687.4,6.836001959196621
P24_28,seg1,1,596.2,596.2,586.1866666666664,554.9,580.5,5.936464277036344
P24_28,seg2,1,601.5,618.75,600.7130745658836,575.15,595.4,11.134434036558618
P24_28,seg3,1,595.3,612.7,598.965629053178,577.9,591.1,7.22061345470174
P24_28,seg4,1,599.05,626.6,598.1135565312835,576.4,590.6,10.90595285964256
P24_28,seg5,1,592.1,608.05,592.4857374392226,558.65,592.2,6.155004627408292
P24_28,seg6,0,587.6,605.8499999999999,595.9429341963321,577.4000000000001,583.0,5.541536774769141
P24_28,seg7,0,608.75,620.95,608.2036464771325,561.95,602.0,7.440117518675261
P24_28,seg9,0,594.15,612.45,600.7415826221891,577.8,601.8,5.636992817213151
P24_28,seg10,1,596.65,608.75,596.869706582077,578.3,598.95,4.809031499320492
P24_28,seg11,1,606.6,617.6,608.163230921705,591.8,610.4,4.726230299555843
P24_28,seg12,1,605.3,616.55,600.8193565400842,394.7,602.3,26.135648647174264
P24_28,seg13,1,606.1,617.6,607.3012345679019,573.5,608.75,5.3500710021276
P24_28,seg15,1,590.1,606.7,592.1197916666667,563.95,595.9,6.290019152446118
P24_29,seg1,1,639.25,648.45,639.2072549019603,630.5,642.15,2.6121480762622187
P24_29,seg2,1,649.05,659.9000000000001,639.981179775282,628.15,635.45,6.247719742436368
P24_29,seg3,0,643.4,664.75,650.4626050420168,639.05,648.95,6.639792537995473
P24_29,seg4,0,644.6,647.8499999999999,639.934688726865,631.3,635.6,3.0744199130052867
P24_29,seg5,1,639.55,647.05,639.1147189760709,629.95,637.05,3.045970007533638
P24_29,seg6,0,627.9000000000001,646.85,635.7024220489989,622.75,636.95,4.310624431372938
P24_29,seg7,1,629.8499999999999,643.7,633.0163116591924,622.75,635.8,3.7926206007395447
P24_29,seg9,1,643.95,644.7,633.9934025828197,624.95,627.7,3.8164461511875976
P24_29,seg10,0,638.05,650.05,637.3957214765111,628.05,634.1,4.755887569620577
P24_29,seg11,0,627.05,643.1,628.2144086618553,620.6,627.95,3.2788381745863884
P24_29,seg12,0,628.0999999999999,649.3,631.6924050632915,621.8,638.9,4.768108514544146
P24_29,seg13,0,630.7,643.1,628.3902330743628,620.6,628.4,2.912811131061418
P24_29,seg15,1,642.9000000000001,651.8,640.813193277311,629.7,638.1,4.495232077883803
P23_01,seg2,1,556.9,573.3,557.9297872340428,542.75,566.8,6.12018040668161
P23_01,seg3,1,553.5,574.75,559.460144057623,547.3499999999999,560.95,5.311123892214651
P23_01,seg5,1,552.85,565.2,557.9019198664441,548.4,558.4,3.636891817734245
P23_01,seg6,1,554.95,565.2,553.5888261851015,546.4000000000001,564.8,3.976446811170825
P23_01,seg7,0,556.3,563.4,553.6659798994975,546.4000000000001,555.9,3.702346572167528
P23_01,seg9,1,553.5,563.4,553.7122073578591,543.5,548.8499999999999,4.1013205393843775
P23_01,seg10,1,547.25,569.6,553.3220535714288,534.0999999999999,560.3499999999999,5.745910911029061
P23_01,seg13,1,552.05,572.0,553.927223353701,546.7,568.9,4.162608803865602
P23_01,seg15,1,561.3,568.1,558.5368832236851,547.85,552.05,3.835474795018803
P23_01,seg17,1,539.5,566.65,550.2773032952252,536.95,557.0,8.195507315943857
P23_02,seg2,0,569.7,584.9,568.8564141035263,549.15,561.05,5.9502257041638025
P23_02,seg3,1,555.65,578.8,567.7908333333323,551.85,570.5,4.670465279745581
P23_02,seg5,1,547.0,683.7,603.0178098207329,546.4,676.25,37.79796098415548
P23_02,seg6,1,561.3,614.45,562.640104166667,525.5,558.5,16.742474932008363
P23_02,seg7,1,559.8499999999999,614.45,565.9817174515232,525.5,557.7,17.216096299787335
P23_02,seg9,1,544.55,614.45,563.6031082529472,525.5,525.5,15.452576836448268
P23_02,seg10,1,553.7,571.7,553.5541935483867,538.65,560.1,7.033237395836584
P23_02,seg13,1,551.0,627.25,564.3802607076357,548.75,552.7,18.811804643939844
P23_02,seg15,1,544.35,567.05,548.1327292110869,532.75,555.4,6.920056555035337
P23_02,seg17,1,547.2,608.3,559.5958482142865,518.6500000000001,530.9,23.87983261861222
P23_03,seg2,0,523.45,527.9,516.9139204545454,481.7,522.7,7.231908815356865
P23_03,seg3,1,509.1,527.0,516.0130699088144,481.7,495.1,5.911306807202479
P23_03,seg5,1,534.2,551.45,528.4835570469797,486.15,518.0,9.369288505686828
P23_03,seg6,1,545.0,558.7,538.7088064046579,486.15,524.0999999999999,12.194669426501472
P23_03,seg7,0,540.45,558.7,538.805176093917,512.3,514.8499999999999,10.411957263430164
P23_03,seg9,1,543.6,554.3,536.1245240761478,512.3,521.9,7.342870686140204
P23_03,seg10,1,548.7,557.0,540.2136319845862,512.3,528.5,6.792650859321594
P23_03,seg13,1,513.9000000000001,568.5,526.4359430604985,495.7,521.3,14.388934485406406
P23_03,seg15,1,520.2,551.4,519.4426966292137,488.8,490.9500000000001,12.023399898867018
P23_03,seg17,0,514.9,536.5,517.0443279901351,491.3,514.95,7.267050950487481
P23_04,seg2,0,612.1500000000001,615.65,599.5235649546836,586.05,593.6,6.124398199429867
P23_04,seg3,1,586.1500000000001,632.6500000000001,601.9166024653316,577.8,603.2,11.49406084164159
P23_04,seg5,0,595.1500000000001,622.45,605.155732700137,592.1500000000001,609.5,5.916201078916006
P23_04,seg6,0,614.75,624.8,606.4976094276093,592.05,596.6,5.889450972578136
P23_04,seg7,0,616.5,639.9,608.9384328358215,592.05,607.3,7.229771848237108
P23_04,seg9,0,590.6,639.9,610.0195182724243,587.6,611.7,6.87103146674179
P23_04,seg10,0,598.95,627.5,603.7807984790877,576.8,626.75,8.64150293125133
P23_04,seg13,1,619.2,621.8,612.7865591397843,593.0,615.3,4.900447420705043
P23_04,seg15,0,615.05,635.8,617.8677566807316,600.05,616.45,5.733772140427916
P23_04,seg17,0,566.1,605.35,568.5141709511561,463.8,591.2,28.157303142823608
P23_05,seg2,1,489.45,506.85,486.162030075189,462.9,485.8,10.889698450043696
P23_05,seg3,1,508.05,521.0999999999999,506.8135529157661,486.1,501.2,6.976007718420838
P23_05,seg5,1,515.6500000000001,540.3,518.9569468267584,464.6,520.2,10.909681485372897
P23_05,seg6,1,529.6500000000001,536.4,523.72815682281,464.6,506.55,8.370718828405941
P23_05,seg7,1,525.6500000000001,544.1,524.76947815534,458.05,527.05,9.789594177612322
P23_05,seg9,1,551.0,551.4,524.715046059366,458.05,528.0,9.084271266850235
P23_05,seg10,0,530.1,551.4,527.1637122002081,458.05,534.3,8.939463957658717
P23_05,seg12,1,557.2,576.5,540.8636554621847,465.65,556.8,20.51849640576758
P23_05,seg13,1,519.5,569.9,513.1487935656836,478.7,569.9,13.702838529934676
P23_05,seg15,1,557.0,576.5,538.3005627009649,465.65,536.1500000000001,21.200396583621394
P23_05,seg17,1,510.3,511.2,476.1033383915026,417.7,418.0,31.129310108076115
P23_06,seg1,1,635.0,641.2,633.490667808219,625.7,626.8,3.0889543565649222
P23_06,seg2,0,627.6500000000001,644.5,630.7603270223748,623.4000000000001,632.3,4.122504750195326
P23_06,seg3,1,628.05,632.8499999999999,627.2553806525464,618.5,626.2,2.5286841746519464
P23_06,seg5,1,536.5,546.2,537.1012306811682,528.6,529.1,3.777176807585155
P23_06,seg6,1,498.75,546.2,523.6338150289017,490.5,540.2,19.081458692417296
P23_06,seg7,1,513.7,539.75,514.237326789838,490.5,539.75,16.02523301535549
P23_06,seg9,1,507.3,519.55,506.299796747967,490.5,492.25,7.012477566487413
P23_06,seg10,0,502.7,518.55,508.01802292263625,494.2000000000001,507.75,4.505891955649625
P23_06,seg12,1,523.9,656.4,564.6509970674488,521.35,644.0999999999999,50.652734988337095
P23_06,seg13,1,644.5,656.4,646.1021379703529,636.8,654.75,3.42617225100552
P23_06,seg15,1,537.75,656.4,541.5692442882249,521.35,644.75,32.32080579587894
P23_06,seg17,1,662.5999999999999,673.0,664.9829532497147,659.0,671.05,2.987672934239765
P23_07,seg1,0,461.1,474.5,450.740405701755,429.2,462.7,9.265189773967364
P23_07,seg2,0,452.5,486.5,466.7701166180762,445.2,449.85,10.472685105536405
P23_07,seg3,1,425.7,448.55,432.7308495821728,412.7,446.6,7.885937131222517
P23_07,seg4,1,474.45,571.2,491.2493492407809,429.6,458.1,26.2890380853815
P23_07,seg5,1,444.7,522.8,466.31214689265545,432.8,477.3,27.91347713826057
P23_07,seg6,1,460.85,467.05,457.8076115485563,433.6,445.6,6.054141495027291
P23_07,seg7,0,453.4,479.9,460.2865633074941,450.05,459.8,4.4984229316997695
P23_07,seg9,1,457.7,479.9,459.405054945055,442.0,462.8,5.332083998372195
P23_07,seg10,1,484.7000000000001,595.4000000000001,494.1345721694028,452.45,489.15,40.49935331101051
P23_07,seg11,0,488.1,595.4000000000001,496.097231543624,457.6,485.15,39.255697451727535
P23_07,seg12,1,531.6,568.5,520.1429479034305,484.65,489.75,20.34727893358469
P23_07,seg13,1,508.15,572.6,514.136419753087,476.4500000000001,476.4500000000001,21.915029653641373
P23_07,seg15,1,569.25,569.25,518.2250822368421,485.0,543.25,19.59432074007809
P23_07,seg16,0,496.2000000000001,595.4000000000001,494.2090554592712,452.45,484.9,40.54622663393197
P23_07,seg17,1,510.7,524.8,484.43886283704575,463.9,486.6,11.216661567063412
P23_08,seg1,1,651.6500000000001,661.1,649.8212555768011,641.7,647.8,2.6399403096164606
P23_08,seg2,1,667.5,699.05,660.4340206185566,645.45,648.5,12.315781254106223
P23_08,seg3,1,667.2,673.5,657.4389296956979,604.5999999999999,664.1,12.97436389157714
P23_08,seg4,0,674.1,694.8,670.4511805555554,649.7,662.2,7.464168890731542
P23_08,seg5,1,666.6500000000001,682.0,670.8519895629481,660.6,668.8,3.509849664629291
P23_08,seg6,1,672.25,682.0,670.7741004184098,662.2,674.6,2.860393623559525
P23_08,seg7,1,664.3,682.2,672.2845077220084,653.4,670.7,3.638595955911443
P23_08,seg9,1,677.3499999999999,682.25,673.8282871972312,653.4,667.45,4.748071379588916
P23_08,seg10,1,690.1500000000001,697.0,682.3708695652169,653.4,676.7,8.338415202283342
P23_08,seg11,1,692.5,702.3,687.5934599156116,671.8,680.85,5.485594372556607
P23_08,seg12,0,677.8,692.7,679.6891281512618,661.05,687.3,4.092677025220938
P23_08,seg13,0,683.8499999999999,692.7,681.304267515924,672.1,672.8,3.491542844280451
P23_08,seg15,1,683.9,693.8,680.4671275646746,661.05,685.0,4.249740133941628
P23_08,seg16,1,684.8,702.3,689.106156015037,676.7,696.0,4.054021055082613
P23_08,seg17,1,691.4,701.0,689.6969710669081,660.0,682.0,5.7695986946931335
P23_09,seg1,1,469.0,513.85,480.7104850213974,447.1,487.75,12.93742607626047
P23_09,seg2,0,516.6,538.9000000000001,501.625412844037,443.0,471.25,27.48360191350305
P23_09,seg3,1,493.65,504.65,489.74514866979615,434.4,499.4,12.214911037859244
P23_09,seg4,0,518.05,542.3,503.5471830985916,433.7,433.8,30.006178083183364
P23_09,seg5,1,507.1,507.4,494.1999999999999,436.8,479.6,15.545117292635364
P23_09,seg6,0,513.8,536.7,515.5757241379318,436.8,436.8,10.144791055470508
P23_09,seg7,0,502.8,544.0999999999999,516.989554195805,436.8,436.8,11.290452406751305
P23_09,seg9,1,530.5,544.0999999999999,514.9937627811867,483.5,511.2,12.426627935010137
P23_09,seg10,0,562.75,562.75,520.0798253275103,483.5,500.9,10.651375078053514
P23_09,seg11,1,528.8499999999999,588.5,531.8594948849105,502.1,502.9,14.34238762738272
P23_09,seg12,1,525.9,535.25,526.0716987620365,514.55,526.7,3.910744803328874
P23_09,seg13,1,524.65,554.2,527.4356661676645,512.0,528.45,8.037229990670262
P23_09,seg15,1,529.9000000000001,545.4,533.2963122923594,525.3,528.75,3.98248258945108
P23_09,seg16,0,526.55,588.5,534.8313913043492,519.0,529.3,11.721926468294974
P23_09,seg17,1,535.9,535.9,516.8854919053549,504.8,529.65,5.920636172424985
P23_10,seg1,1,681.2,706.15,688.9243449116383,677.6,692.9000000000001,6.22957785051263
P23_10,seg2,0,693.45,695.2,687.0451073985673,677.6,682.15,3.899123887867162
P23_10,seg3,1,676.8,701.7,685.8608974358978,676.5,692.65,4.854865353779537
P23_10,seg4,1,648.25,676.9000000000001,635.2021834061137,579.4,625.5,28.781284674591905
P23_10,seg5,1,641.1,764.2,644.6654233870968,623.05,764.2,22.267399938529
P23_10,seg6,1,637.3,673.0,655.9789811643831,633.5,638.45,8.526127568688738
P23_10,seg7,1,644.6,671.8499999999999,656.2621248499398,637.0,656.15,8.170464333604393
P23_10,seg9,1,653.8,671.8499999999999,645.0932989690715,637.0,649.5,5.485400538050195
P23_10,seg10,0,658.95,660.35,648.9761997405967,637.0,655.2,4.8435404520558265
P23_10,seg11,1,652.95,653.65,634.15687250996,620.9,636.8499999999999,7.744220533812851
P23_10,seg12,1,671.5,703.7,690.6358681022883,663.1500000000001,699.4,7.89654779864077
P23_10,seg13,1,704.35,707.85,676.6926590538336,655.0,666.8,13.338241251476356
P23_10,seg15,1,706.7,710.2,686.1262121212122,650.6,697.05,13.264931548973124
P23_10,seg16,0,656.25,695.3499999999999,665.0232166890974,620.9,633.7,16.11305584764971
P23_10,seg17,1,688.3,709.5,689.1762362637361,674.4,685.75,6.285408650063948
P23_11,seg1,0,573.7,590.7,575.4324847250505,550.6,585.8,6.917246173866323
P23_11,seg2,0,563.8,576.2,564.6101744186042,546.2,557.8,8.229797058161463
P23_11,seg3,1,556.3,590.6,560.3275605214151,547.8,556.3,5.9806922090202566
P23_11,seg4,0,571.0,588.65,574.3720484359235,540.6,563.35,8.205589111596957
P23_11,seg5,1,559.25,580.75,568.2269039735102,554.8,571.8499999999999,5.752759855432815
P23_11,seg6,0,560.3,580.75,566.8484811664634,547.1500000000001,570.8,6.274473310983243
P23_11,seg7,0,547.1,579.95,562.1358921161816,544.2,563.4,8.06248288877782
P23_11,seg9,0,541.2,579.95,559.8052499999998,541.0,558.7,9.66327755781818
P23_11,seg10,0,560.75,569.05,557.7145226130657,527.8,552.8,6.253887133126452
P23_11,seg11,0,560.4,570.25,560.4339796860561,527.8,545.6,4.385067982193585
P23_11,seg12,0,542.8,573.3,556.7513091641487,523.95,549.6500000000001,4.361678254485518
P23_11,seg13,1,557.85,566.3,555.2549442896935,533.15,566.2,3.850945825201317
P23_11,seg15,0,535.3,573.3,557.2377329192544,523.95,555.7,5.3902521444271
P23_11,seg16,0,558.7,570.25,560.4981290322595,537.3,563.1500000000001,2.98291209773476
P23_11,seg17,1,544.3,593.5,555.0950051493314,528.5,554.0,16.247131650891998
P23_12,seg1,1,700.05,706.25,701.0437499999988,694.9,699.2,2.2158574017003194
P23_12,seg2,0,702.05,708.1500000000001,701.4690311418682,693.6,702.4,2.8569205082956604
P23_12,seg3,0,706.9,709.55,703.8883247274828,695.95,696.7,2.209612637320364
P23_12,seg4,0,700.8499999999999,709.05,701.6930138568125,694.3,703.0,2.4119910906101665
P23_12,seg5,0,704.25,714.1,704.4067048710606,695.4,702.55,2.620643124482883
P23_12,seg6,0,702.75,714.1,705.746063890473,699.6,701.45,2.489948725981347
P23_12,seg7,0,701.0,714.1,705.2383647798739,699.1,709.6500000000001,2.6204851904656743
P23_12,seg9,1,700.0,712.75,704.5705797933421,699.1,708.5,2.044355886451835
P23_12,seg10,0,702.3,711.05,704.4550716332376,699.3,703.8,2.21824076609293
P23_12,seg11,0,700.75,711.05,705.0454519286135,699.3,706.25,2.548063788981079
P23_12,seg12,0,697.9,713.45,704.0855202312149,693.4,703.4,3.967389100698344
P23_12,seg13,1,703.6,713.45,707.0839306029583,701.1,705.95,2.47451478367908
P23_12,seg15,0,697.7,712.0,701.7137840975035,692.8,706.95,3.732706164734126
P23_12,seg16,0,703.2,711.05,705.1717441860458,698.0999999999999,702.45,2.573129571665236
P23_12,seg17,0,697.0,709.7,700.5913623188413,688.3,703.6500000000001,4.972795848317454
P23_13,seg1,1,639.2,657.1,638.1284759358296,625.9000000000001,640.4000000000001,4.745899967878178
P23_13,seg2,1,642.9000000000001,654.8,642.9210076605771,631.9000000000001,652.55,4.968921311090957
P23_13,seg3,1,646.8,654.35,642.4962536023055,601.4,639.8,6.67323661445832
P23_13,seg4,1,639.8,641.4,628.9651162790699,616.75,625.0,5.067149213408145
P23_13,seg5,1,661.0,661.0,633.8025529265258,610.4,631.45,6.903166379854678
P23_13,seg6,1,647.7,666.65,648.740209125475,610.4,624.5,8.761138032968278
P23_13,seg7,1,627.7,649.7,632.3927083333333,617.1500000000001,640.3,5.770816464928395
P23_13,seg9,1,626.4,636.6,625.8320512820517,616.5,635.2,4.64101375077639
P23_13,seg10,1,641.1,656.4,635.5205958549229,616.5,621.05,9.37201193373124
P23_13,seg11,0,625.95,647.55,637.6435374149667,595.05,639.85,5.267876265101905
P23_13,seg12,0,650.4,671.25,652.395377128954,619.45,643.7,10.336295417952352
P23_13,seg13,1,643.5,661.9,640.7172690763052,576.4,581.9,16.127988874085435
P23_13,seg15,1,685.9,688.75,653.8269607843141,616.2,661.9000000000001,13.829126091913494
P23_13,seg16,0,636.2,644.1,629.8781690140851,595.05,595.05,5.168064016784298
P23_13,seg17,1,632.25,648.0,630.132879377431,587.0999999999999,592.0,9.83057393521625
P23_14,seg1,1,459.5,498.35,469.7032258064519,413.2,413.85,13.985787146185348
P23_14,seg2,0,452.6,479.8,460.335567010309,441.15,465.6,7.66237300090307
P23_14,seg3,1,466.1,472.5,460.52183708838754,440.4,454.2000000000001,5.799143083950929
P23_14,seg4,1,469.7,485.8,473.4011394101877,443.6,473.0,6.3516616788484725
P23_14,seg5,1,478.3,493.35,477.77612687813,443.6,483.5,9.274001998462536
P23_14,seg6,1,474.1,489.1,476.5516968325791,421.0,488.6,8.512382767447459
P23_14,seg7,0,485.6,492.25,474.54459459459457,421.0,467.6,8.70449667628103
P23_14,seg9,1,466.3,492.25,473.3148625429557,421.0,421.0,8.055694572246018
P23_14,seg10,1,480.2,496.05,477.6346616541352,446.15,470.0,10.18545602223246
P23_14,seg11,0,483.1,496.05,476.0633217993075,405.9,460.0,11.980409877612994
P23_14,seg12,0,482.4,497.6,484.4829493087561,460.0,494.15,6.13444320554375
P23_14,seg13,0,477.7,502.1,485.11587837837817,466.25,472.2,9.790093297114852
P23_14,seg15,1,494.4,496.3,484.1541013269002,460.0,461.85,5.2724452402065305
P23_14,seg16,0,494.9,499.3,481.91462264150925,405.9,492.6,10.411910546931022
P23_14,seg17,0,486.75,500.65,489.8087050359706,445.2,489.65,5.194679004837848
P23_15,seg1,1,632.5,645.6,635.9172889144171,630.8,637.3,3.1220990768697185
P23_15,seg2,0,635.7,646.55,634.9927101200678,628.6,631.25,3.441440028573709
P23_15,seg3,1,634.75,641.7,635.1951879271064,629.35,633.65,2.2496117851834967
P23_15,seg4,0,631.3,652.2,635.8422487223168,627.2,632.05,5.18420139895435
P23_15,seg5,1,629.75,638.3,630.1726678043208,625.45,631.75,2.3224583647513017
P23_15,seg6,0,630.1,636.25,630.2568684516883,625.0,628.2,1.8208715124370936
P23_15,seg7,1,624.25,635.3,628.3786570743407,619.7,629.4,3.2465139988114906
P23_15,seg9,1,622.3,634.6500000000001,626.9847513481113,619.7,633.25,3.322606639549848
P23_15,seg10,0,626.8499999999999,637.0,625.8981739130429,617.4,624.2,4.363265618855673
P23_15,seg11,1,632.1,637.0,626.9316032295272,617.4,624.05,4.340181040191743
P23_15,seg12,0,609.1,613.7,608.7376456161867,598.9,609.05,2.155253754887036
P23_15,seg13,1,607.0,649.55,625.4972627737238,598.9,648.0,14.995805412347528
P23_15,seg15,0,611.4,619.6500000000001,608.792048267327,598.9,607.3,2.9883370112865264
P23_15,seg16,1,631.6,641.0,629.6456706281834,617.4,621.25,4.27043447840786
P23_15,seg17,1,613.2,624.8,613.9773654916513,606.9,623.05,2.8459614621740306
P23_16,seg1,1,728.9000000000001,742.0,727.2166099773245,714.95,728.8,5.210358717245246
P23_16,seg2,0,727.25,741.3499999999999,729.4051936619713,717.75,723.1,4.932853392624282
P23_16,seg3,1,732.8,745.6,725.9818721719465,714.45,720.3,5.17443169363281
P23_16,seg4,0,725.8,747.8,723.2189332501548,710.95,730.6,8.060240881547848
P23_16,seg5,1,707.3,732.15,717.7749355116088,696.6,724.7,8.863297325216141
P23_16,seg6,1,713.25,723.3,711.8289015151519,696.6,715.4,5.444896610191621
P23_16,seg7,1,712.6,735.3,716.116308243727,689.8,698.3,7.981064933941338
P23_16,seg9,1,718.85,735.3,715.1792749244698,689.8,692.3,6.65431459571608
P23_16,seg10,1,718.3,720.9,713.875560022975,703.3,710.4000000000001,3.3303379569434703
P23_16,seg11,1,722.8,740.9000000000001,715.0341043890866,700.0999999999999,715.05,5.391231698515531
P23_16,seg12,1,704.8499999999999,734.8,717.9353177795656,702.0,710.3,7.167990527622637
P23_16,seg13,1,728.65,729.4,716.5712338593972,703.9,714.3,5.209235577653424
P23_16,seg15,1,731.1500000000001,738.0,720.3220269259548,702.0,728.6,9.14187897550975
P23_16,seg16,1,711.3,740.9000000000001,716.926463022508,700.0999999999999,713.05,5.905373703305405
P23_16,seg17,1,721.25,729.5,720.1312460468067,707.9,724.45,3.747855204814888
P23_17,seg1,0,680.5,698.0,680.7302989130436,665.8,679.9,5.162874298167638
P23_17,seg2,0,636.0,691.4,681.6222861842101,606.2,688.6500000000001,10.167517448938607
P23_17,seg3,0,674.95,677.3499999999999,652.8986646884272,601.8,612.7,22.03365809359503
P23_17,seg4,0,685.2,701.0,664.3967115097165,615.6,644.25,23.078020259757167
P23_17,seg5,1,532.0,675.4,633.1587934560318,515.4,675.4,38.40093511893274
P23_17,seg6,1,675.45,715.55,674.7355005753736,515.4,611.2,46.89527813067166
P23_17,seg7,0,675.25,715.55,682.8547723935395,617.9000000000001,713.95,18.741815938984303
P23_17,seg9,1,681.8499999999999,696.7,672.1860788863108,617.9000000000001,632.5,14.223196863142832
P23_17,seg10,1,678.5,696.7,679.6024853801172,617.9000000000001,618.8,12.612752428731923
P23_17,seg11,0,689.95,694.7,684.6096757322183,662.9000000000001,668.0,7.0853320206172565
P23_17,seg12,0,691.65,700.0,691.1041899441341,670.3499999999999,693.6500000000001,6.280360300860936
P23_17,seg13,1,701.65,724.05,652.120183486238,609.4,643.9,28.8500092088711
P23_17,seg15,1,698.45,704.7,692.3193493150686,670.3499999999999,671.8,6.942768533543355
P23_17,seg16,0,687.75,708.55,690.3526608910884,660.0,688.8,6.773380891235178
P23_17,seg17,1,657.8,735.6,707.8785714285709,641.3,709.2,21.73543990709528
P23_18,seg1,1,631.5,675.3,651.4069640062604,608.35,669.45,16.091669732657348
P23_18,seg2,1,624.6,643.0,623.3870836718124,597.6,636.7,9.877885279029949
P23_18,seg3,1,651.2,654.3,592.118595041322,535.85,605.6,27.156829812620703
P23_18,seg4,1,656.75,658.3499999999999,585.1668874172183,557.1,580.3,28.77417247798512
P23_18,seg5,1,628.25,639.7,621.6612633181128,587.5,634.8499999999999,10.170418055915023
P23_18,seg6,1,646.95,651.9,617.7422264875235,569.4,612.5,18.22736272630511
P23_18,seg7,1,642.1,651.9,633.7896842105259,577.0,651.3,15.810290426062451
P23_18,seg9,1,629.5,651.45,635.9352557673028,577.0,624.95,14.069049037624088
P23_18,seg10,0,614.2,642.3,600.3837938363434,421.2,599.7,52.53100093172959
P23_18,seg11,1,642.0,642.3,604.4980680061817,421.2,610.6,45.10081853253585
P23_18,seg12,0,621.6,633.45,609.7306451612905,568.75,593.0,18.634416037711585
P23_18,seg13,1,596.15,657.6500000000001,598.3283913565425,492.8,613.25,58.63293411380476
P23_18,seg15,0,638.7,638.7,612.659494382022,568.75,584.05,18.387552254767083
P23_18,seg16,1,640.2,646.1,620.507670720299,555.3,637.4,21.675873773369272
P23_18,seg17,1,604.7,617.0,604.092752100839,581.4,591.2,8.201568160015587
P23_19,seg1,0,748.75,759.7,748.3158594211461,739.45,752.4000000000001,4.643605422584
P23_19,seg2,1,752.0999999999999,755.3,748.2520408163273,737.05,746.7,3.3425281346707862
P23_19,seg3,1,747.6500000000001,760.8,750.1378867483947,741.25,744.55,3.4455232323470506
P23_19,seg4,0,755.2,760.9000000000001,749.9576782449723,735.15,751.3,4.352312831612114
P23_19,seg5,1,748.1,762.5999999999999,749.5289270895083,736.95,747.9000000000001,5.107146642849901
P23_19,seg6,0,744.25,755.25,747.4398305084726,736.95,749.35,3.419811821611302
P23_19,seg7,1,740.7,755.25,746.4835608308592,738.5,751.85,3.537328060417352
P23_19,seg9,1,753.1,755.25,745.257329376854,734.2,753.95,3.293190716663076
P23_19,seg10,0,747.9,767.6,748.1613437499998,734.2,746.05,6.148244796536223
P23_19,seg11,1,748.25,767.6,751.36849568434,737.25,746.05,5.210768646623097
P23_19,seg12,1,735.3,755.0,744.7446683199012,728.7,741.4000000000001,6.245351330621664
P23_19,seg13,1,751.4,755.0,747.2848731884062,733.85,750.3499999999999,4.019324812410078
P23_19,seg15,0,735.1,755.0,742.290473263677,728.7,752.85,6.914949504635052
P23_19,seg16,1,747.3,766.5,749.4540816326534,736.1500000000001,764.2,5.606302076227135
P23_19,seg17,1,736.4000000000001,749.65,740.3593943139681,732.2,741.2,3.0840295431300646
P23_20,seg1,1,497.4,555.5,511.8599397590365,435.8,506.8,24.92687245562304
P23_20,seg2,1,503.9,524.7,509.6611587982838,445.7000000000001,449.7,10.060588511881695
P23_20,seg3,0,520.5999999999999,559.7,533.9837837837842,474.5,516.25,14.372716286806952
P23_20,seg4,1,541.4000000000001,555.95,541.0983511586456,499.0,517.0,10.804490734247672
P23_20,seg5,1,522.8,551.95,540.3285714285718,487.0,548.45,11.799898440117447
P23_20,seg6,1,593.5,605.0,589.2751521298178,512.5,514.6,8.829770309968966
P23_20,seg7,1,640.55,641.6,602.5222656250007,588.4,598.4,12.175880624084389
P23_20,seg9,1,630.25,641.6,607.4587301587297,588.4,590.45,15.96998770919961
P23_20,seg10,0,622.6,641.6,626.0817617866007,594.1,595.7,8.861603609402636
P23_20,seg11,1,665.2,669.85,626.0371647509577,521.25,633.5,22.474865423915062
P23_20,seg12,1,552.7,608.65,568.6834269662922,494.9,556.3,19.32247565178767
P23_20,seg13,1,574.15,584.35,569.9186379928312,493.05,528.0,11.088356767268088
P23_20,seg15,0,532.45,608.65,561.881235154394,494.9,553.45,21.97002521043735
P23_20,seg16,1,650.85,669.85,646.5076739752152,521.25,522.0,23.412237162940183
P23_20,seg17,0,507.0,611.7,533.4917695473251,491.0,507.2,24.85221876374025
P23_21,seg1,0,766.0,778.4,766.6322818396222,755.25,761.8,4.935946951929271
P23_21,seg2,0,772.1,796.7,770.8528605482713,757.95,764.3,8.063880364262621
P23_21,seg3,1,792.4000000000001,796.45,778.4029846335685,757.95,766.1,10.725764077072537
P23_21,seg4,0,795.35,808.15,789.3276869158869,773.7,793.8499999999999,6.319792212263582
P23_21,seg5,1,776.1,801.55,783.6410132689995,770.0,794.5,8.061187478984637
P23_21,seg6,0,776.9,795.0,779.2804282267786,766.7,781.6,5.499286857587933
P23_21,seg7,0,780.5999999999999,795.0,777.4855029585805,766.7,772.75,4.803694972547166
P23_21,seg9,1,776.6,795.0,778.2972488038275,770.55,777.6,4.192669241752173
P23_21,seg10,0,771.75,787.25,776.2597531607464,768.35,780.5,2.5595676873766404
P23_21,seg11,0,782.8,806.65,779.2681463707263,768.35,776.0,6.996555857056787
P23_21,seg12,0,786.0,811.35,785.3429819452537,750.95,784.45,13.504223804672742
P23_21,seg13,1,763.75,820.55,787.3820371445167,750.95,794.15,12.664012189375429
P23_21,seg15,1,781.6,811.35,787.706316098708,758.05,764.75,11.419386694396264
P23_21,seg16,0,782.8,806.65,781.8282569360682,768.35,775.45,7.66999985689668
P23_21,seg17,0,792.8,818.9,795.6718677494196,781.5999999999999,792.45,9.821681175732026
P23_22,seg1,0,574.95,605.4,580.2715181932242,562.2,590.8,9.060538596143775
P23_22,seg2,0,307.3,585.7,535.589769307924,307.3,578.1,64.6401247566957
P23_22,seg3,0,569.3499999999999,600.9000000000001,557.2349802371543,306.5,366.0,52.53185150898853
P23_22,seg4,0,583.95,619.7,576.2407631954351,403.6,572.4,28.36620935009128
P23_22,seg5,1,428.1,603.7,574.7296958855092,427.6,583.15,36.235951670428015
P23_22,seg6,0,574.45,593.55,553.35307503075,426.8,591.0,38.28912584560037
P23_22,seg7,0,567.5,593.55,559.7339449541287,426.8,518.4,33.6521530171067
P23_22,seg9,0,509.3,593.55,567.4170763260029,480.5,561.15,17.875569290274942
P23_22,seg10,1,572.15,590.3,562.2266726943943,499.3,519.9,14.994980686651092
P23_22,seg11,0,576.25,596.3,568.9756563245818,499.3,573.0,14.457539833989696
P23_22,seg12,0,577.4,606.7,582.7385365853652,553.35,600.7,10.42323554329908
P23_22,seg13,1,577.7,605.2,577.0907232704404,553.35,560.8,10.55083086263302
P23_22,seg15,0,574.8,606.7,584.5730869565216,564.9,570.7,8.44498808736515
P23_22,seg16,0,586.45,596.3,573.890946691177,499.3,500.5,11.829873009593044
P23_22,seg17,1,577.25,600.05,581.707953723789,564.0,595.7,6.782126874470645
P23_23,seg1,1,718.3,741.0,720.1488231917331,697.7,704.75,9.717488692808196
P23_23,seg2,1,728.6,734.8499999999999,720.5131533101054,712.75,715.55,4.1203033641498
P23_23,seg3,1,467.9,603.3,523.6299224806203,422.4,443.0,61.20952176841607
P23_23,seg4,1,500.5,563.95,512.751386430679,488.8,529.3,13.663043472501183
P23_23,seg5,1,513.75,513.75,480.2522540983608,416.45,455.4,29.91429226522679
P23_23,seg6,1,520.45,545.7,513.1890585241727,429.95,524.55,23.378699295909183
P23_23,seg7,1,528.8,592.95,526.0521505376341,436.5,591.1500000000001,35.44564707022977
P23_23,seg9,1,549.3,583.95,553.5097222222211,518.1,541.8499999999999,15.703835477072207
P23_23,seg10,0,528.3,585.9,563.2504535147397,522.3499999999999,555.5999999999999,14.406734975471462
P23_23,seg11,1,533.45,584.9,552.0888694638702,522.3499999999999,584.9,17.54731068256702
P23_23,seg12,1,555.5,555.5,529.1244019138754,399.5,547.8499999999999,34.637386048325965
P23_23,seg13,1,673.4,684.5,541.4546480743695,448.3,579.8,36.44637726670067
P23_23,seg15,1,597.3,605.8,566.0914719626167,399.5,483.4,40.54206972682294
P23_23,seg16,1,566.15,583.95,545.1443127962084,518.1,565.6500000000001,15.948025121541615
P23_23,seg17,1,508.05,522.9000000000001,493.886542669584,417.2000000000001,473.0,28.46694925971041
P23_24,seg1,1,536.5,543.2,529.6769314079417,515.75,526.6500000000001,4.895082797194549
P23_24,seg2,0,553.6,569.55,554.5084077985381,540.1,548.7,7.129251860958453
P23_24,seg3,1,553.1,569.55,553.5567841880337,536.55,540.7,9.368844969611
P23_24,seg4,0,553.2,562.7,551.9524519230771,541.9,556.0999999999999,4.500908500698645
P23_24,seg5,1,554.2,570.55,557.4526365348403,539.65,565.9,5.621690860400274
P23_24,seg6,0,558.45,562.9000000000001,553.2994833524681,539.65,551.7,3.8209821911626767
P23_24,seg7,0,537.85,542.6,533.1169854280513,523.4,534.4,4.100117360724066
P23_24,seg9,1,539.5,550.7,538.5718597857839,523.4,528.8,7.183320222767186
P23_24,seg10,1,552.45,561.7,545.4728010247649,533.45,538.0,5.612559269109225
P23_24,seg11,1,554.6,564.7,549.5316525423736,533.45,548.25,5.577270855265694
P23_24,seg12,1,570.55,576.65,566.8679927667262,552.65,566.3499999999999,4.190846536870533
P23_24,seg13,1,571.4,579.2,561.8423705722062,546.8499999999999,556.65,7.983284862352128
P23_24,seg15,1,574.8,577.75,569.1525573192237,552.65,566.8,4.009238181798022
P23_24,seg16,0,557.85,566.2,554.2164070612664,543.1,556.9,3.509132837724782
P23_24,seg17,1,560.6,567.3,543.7977522477526,495.75,562.75,18.859897731497835
P23_25,seg1,0,687.75,695.6,676.4866303436709,606.3,693.7,17.328319172594316
P23_25,seg2,0,646.8,688.45,666.4478798586572,584.6,687.3,19.733903461902084
P23_25,seg3,0,677.0999999999999,679.2,644.3332378223497,446.05,592.7,34.718859338934585
P23_25,seg4,1,686.7,707.8499999999999,676.3232720355107,622.8,680.9,13.887744088245388
P23_25,seg5,1,662.75,665.75,636.233497536946,526.2,542.8,38.043136812029005
P23_25,seg6,1,558.2,650.2,629.9200892857149,555.7,648.25,23.575477454586647
P23_25,seg7,1,610.0,661.3,614.4272925764193,497.4,625.9,44.62061796861251
P23_25,seg9,1,562.9,610.1,570.1297413793101,475.7,571.6500000000001,38.965370343671694
P23_25,seg10,0,640.65,685.0,650.5640142517818,560.5,560.5,22.33208120064445
P23_25,seg11,1,665.75,674.5,648.3768656716414,614.3,667.45,14.427767485888646
P23_25,seg12,1,742.4,742.4,681.977307692308,587.2,588.2,30.06443750943217
P23_25,seg13,1,639.65,641.5,617.1779850746276,574.8,579.5,15.67121458953922
P23_25,seg15,1,678.4,678.7,661.3194570135751,587.2,588.2,22.8804726523456
P23_25,seg16,1,604.05,656.3,597.7361054766732,523.6,656.3,33.22233788274623
P23_25,seg17,1,640.95,641.1500000000001,563.2412681912682,539.4,542.25,30.517473250527697
