"Horodateur","ParticipantID","Avez-vous déjà regardé la vidéo ?","As-tu suivi le module développement durable ?","Ce principe est-il un principe de la chimie verte : « Réduction du nombre de dérivés »  ? ","Compléter : le principe 4 et 10 préconise...","Que connaissez-vous de la chimie verte ? ","Quel est votre niveau de fatigue actuel ?"
"2024/02/06 2:25:29 PM UTC+2","P01","Non","Non","Oui","la conception de produits chimiques plus surs et dégradables","Quelques principes sans réelle compréhension","Pas fatigué"
"2024/02/06 2:59:18 PM UTC+2","P02","Non","Non","Je ne sais pas","Je ne sais pas","Aucune connaissance","Moyennement fatigué"
"2024/02/06 4:52:06 PM UTC+2","P03","Non","Non","Je ne sais pas","Je ne sais pas","Aucune connaissance","Pas fatigué"
"2024/02/06 6:05:11 PM UTC+2","P04","Non","Non","Je ne sais pas","Je ne sais pas","Quelques principes sans réelle compréhension","Moyennement fatigué"
"2024/02/06 7:00:43 PM UTC+2","P05","Non","Non","Je ne sais pas","Je ne sais pas","Quelques principes sans réelle compréhension","Très fatigué"
"2024/02/07 1:59:11 PM UTC+2","P06","Non","Non","Je ne sais pas","Je ne sais pas","Quelques principes sans réelle compréhension","Pas fatigué"
"2024/02/07 3:03:02 PM UTC+2","P07","Non","Non","Oui","Je ne sais pas","Quelques principes sans réelle compréhension","Peu fatigué"
"2024/02/07 3:59:38 PM UTC+2","P08","Non","Non","Je ne sais pas","Je ne sais pas","Quelques principes sans réelle compréhension","Moyennement fatigué"
"2024/02/07 4:58:45 PM UTC+2","P28","Non","Non","Oui","Je ne sais pas","Aucune connaissance","Peu fatigué"
"2024/02/07 5:50:17 PM UTC+2","P09","Non","Non","Je ne sais pas","Je ne sais pas","Aucune connaissance","Peu fatigué"
"2024/02/07 6:57:46 PM UTC+2","P29","Oui","Non","Je ne sais pas","Je ne sais pas","Quelques principes sans réelle compréhension","Pas fatigué"
"2024/02/08 12:00:15 PM UTC+2","P10","Non","Non","Je ne sais pas","Je ne sais pas","Quelques principes sans réelle compréhension","Peu fatigué"
"2024/02/08 3:05:59 PM UTC+2","P11","Non","Non","Oui","Je ne sais pas","Quelques principes sans réelle compréhension","Peu fatigué"
"2024/02/08 3:56:07 PM UTC+2","P12","Non","Non","Je ne sais pas","la conception de produits chimiques plus surs et dégradables","Quelques principes sans réelle compréhension","Moyennement fatigué"
"2024/02/08 4:53:46 PM UTC+2","P13","Non","Non","Je ne sais pas","Je ne sais pas","Quelques principes sans réelle compréhension","Peu fatigué"
"2024/02/08 5:52:36 PM UTC+2","P14","Non","Non","Oui","Je ne sais pas","Aucune connaissance","Peu fatigué"
"2024/02/09 1:50:29 PM UTC+2","P16","Non","Non","Oui","Je ne sais pas","Plusieurs principes avec une compréhension superficielle de ceux-ci","Peu fatigué"
"2024/02/09 2:52:35 PM UTC+2","P17","Non","Non","Je ne sais pas","Je ne sais pas","Aucune connaissance","Peu fatigué"
"2024/02/09 5:55:36 PM UTC+2","P23","Non","Non","Je ne sais pas","Je ne sais pas","Quelques principes sans réelle compréhension","Moyennement fatigué"
"2024/02/09 6:59:47 PM UTC+2","P18","Non","Non","Je ne sais pas","Je ne sais pas","Quelques principes sans réelle compréhension","Pas fatigué"
"2024/02/12 2:05:39 PM UTC+2","P19","Non","Oui","Je ne sais pas","Je ne sais pas","Quelques principes sans réelle compréhension","Peu fatigué"
"2024/02/12 5:06:52 PM UTC+2","P20","Non","Non","Je ne sais pas","Je ne sais pas","Plusieurs principes avec une compréhension superficielle de ceux-ci","Moyennement fatigué"
"2024/02/12 6:05:15 PM UTC+2","P21","Non","Non","Oui","Je ne sais pas","Plusieurs principes avec une compréhension superficielle de ceux-ci","Moyennement fatigué"
"2024/02/13 2:06:58 PM UTC+2","P22","Non","Non","Je ne sais pas","la conception de produits chimiques plus surs et dégradables","Quelques principes sans réelle compréhension","Moyennement fatigué"
"2024/02/14 5:00:58 PM UTC+2","P24","Non","Non","Je ne sais pas","Je ne sais pas","Aucune connaissance","Moyennement fatigué"
"2024/02/14 6:00:29 PM UTC+2","P25","Non","Non","Je ne sais pas","Je ne sais pas","Aucune connaissance","Peu fatigué"
"2024/02/14 7:03:54 PM UTC+2","P26","Non","Non","Oui","Je ne sais pas","Quelques principes sans réelle compréhension","Moyennement fatigué"
"2024/02/16 3:03:43 PM UTC+2","P27","Non","Non","Je ne sais pas","Je ne sais pas","Aucune connaissance","Moyennement fatigué"